0,00:15:00
1,00:30:00
2,00:45:00
3,01:00:00
4,01:15:00
5,01:30:00
6,01:45:00
7,02:00:00
8,02:15:00
9,02:30:00
10,02:45:00
11,03:00:00
12,03:15:00
13,03:30:00
14,03:45:00
15,04:00:00
16,04:15:00
17,04:30:00
18,04:45:00
19,05:00:00
20,05:15:00
21,05:30:00
22,05:45:00
23,06:00:00
24,06:15:00
25,06:30:00
26,06:45:00
27,07:00:00
28,07:15:00
29,07:30:00
30,07:45:00
31,08:00:00
32,08:15:00
33,08:30:00
34,08:45:00
35,09:00:00
36,09:15:00
37,09:30:00
38,09:45:00
39,10:00:00
40,10:15:00
41,10:30:00
42,10:45:00
43,11:00:00
44,11:15:00
45,11:30:00
46,11:45:00
47,12:00:00
48,12:15:00
49,12:30:00
50,12:45:00
51,13:00:00
52,13:15:00
53,13:30:00
54,13:45:00
55,14:00:00
56,14:15:00
57,14:30:00
58,14:45:00
59,15:00:00
60,15:15:00
61,15:30:00
62,15:45:00
63,16:00:00
64,16:15:00
65,16:30:00
66,16:45:00
67,17:00:00
68,17:15:00
69,17:30:00
70,17:45:00
71,18:00:00
72,18:15:00
73,18:30:00
74,18:45:00
75,19:00:00
76,19:15:00
77,19:30:00
78,19:45:00
79,20:00:00
80,20:15:00
81,20:30:00
82,20:45:00
83,21:00:00
84,21:15:00
85,21:30:00
86,21:45:00
87,22:00:00
88,22:15:00
89,22:30:00
90,22:45:00
91,23:00:00
92,23:15:00
93,23:30:00
94,23:45:00
95,00:15:00.1
96,00:30:00.1
97,00:45:00.1
98,01:00:00.1
99,01:15:00.1
100,01:30:00.1
101,01:45:00.1
102,02:00:00.1
103,02:15:00.1
104,02:30:00.1
105,02:45:00.1
106,03:00:00.1
107,03:15:00.1
108,03:30:00.1
109,03:45:00.1
110,04:00:00.1
111,04:15:00.1
112,04:30:00.1
113,04:45:00.1
114,05:00:00.1
115,05:15:00.1
116,05:30:00.1
117,05:45:00.1
118,06:00:00.1
119,06:15:00.1
120,06:30:00.1
121,06:45:00.1
122,07:00:00.1
123,07:15:00.1
124,07:30:00.1
125,07:45:00.1
126,08:00:00.1
127,08:15:00.1
128,08:30:00.1
129,08:45:00.1
130,09:00:00.1
131,09:15:00.1
132,09:30:00.1
133,09:45:00.1
134,10:00:00.1
135,10:15:00.1
136,10:30:00.1
137,10:45:00.1
138,11:00:00.1
139,11:15:00.1
140,11:30:00.1
141,11:45:00.1
142,12:00:00.1
143,12:15:00.1
144,12:30:00.1
145,12:45:00.1
146,13:00:00.1
147,13:15:00.1
148,13:30:00.1
149,13:45:00.1
150,14:00:00.1
151,14:15:00.1
152,14:30:00.1
153,14:45:00.1
154,15:00:00.1
155,15:15:00.1
156,15:30:00.1
157,15:45:00.1
158,16:00:00.1
159,16:15:00.1
160,16:30:00.1
161,16:45:00.1
162,17:00:00.1
163,17:15:00.1
164,17:30:00.1
165,17:45:00.1
166,18:00:00.1
167,18:15:00.1
168,18:30:00.1
169,18:45:00.1
170,19:00:00.1
171,19:15:00.1
172,19:30:00.1
173,19:45:00.1
174,20:00:00.1
175,20:15:00.1
176,20:30:00.1
177,20:45:00.1
178,21:00:00.1
179,21:15:00.1
180,21:30:00.1
181,21:45:00.1
182,22:00:00.1
183,22:15:00.1
184,22:30:00.1
185,22:45:00.1
186,23:00:00.1
187,23:15:00.1
188,23:30:00.1
189,23:45:00.1
