,id
0,User #15051
1,User #15051
2,User #15051
3,User #15051
4,User #15051
5,User #15051
6,User #15051
7,User #15051
8,User #15051
9,User #15051
10,User #15051
11,User #15051
12,User #15051
13,User #15051
14,User #15051
15,User #15051
16,User #15051
17,User #15051
18,User #15051
19,User #15051
20,User #15051
21,User #15051
22,User #15051
23,User #15051
24,User #15051
25,User #15051
26,User #15051
27,User #15051
28,User #15051
29,User #15051
30,User #15051
31,User #15051
32,User #15051
33,User #15051
34,User #15051
35,User #15051
36,User #15051
37,User #15051
38,User #15051
39,User #15051
40,User #15051
41,User #15051
42,User #15051
43,User #15051
44,User #15051
45,User #15051
46,User #15051
47,User #15051
48,User #15051
49,User #15051
50,User #15051
51,User #15051
52,User #15051
53,User #15051
54,User #15051
55,User #15051
56,User #15051
57,User #15051
58,User #15051
59,User #15051
60,User #15208
61,User #15208
62,User #15208
63,User #15208
64,User #15208
65,User #15208
66,User #15208
67,User #15208
68,User #15208
69,User #15208
70,User #15208
71,User #15208
72,User #15208
73,User #15208
74,User #15208
75,User #15208
76,User #15208
77,User #15208
78,User #15208
79,User #15208
80,User #15208
81,User #15208
82,User #15208
83,User #15208
84,User #15208
85,User #15208
86,User #15208
87,User #15208
88,User #15208
89,User #15208
90,User #15208
91,User #15208
92,User #15208
93,User #15208
94,User #15208
95,User #15208
96,User #15208
97,User #15208
98,User #15208
99,User #15208
100,User #15208
101,User #15208
102,User #15208
103,User #15208
104,User #15208
105,User #15208
106,User #15208
107,User #15208
108,User #15208
109,User #15208
110,User #15208
111,User #15208
112,User #15208
113,User #15208
114,User #15208
115,User #15208
116,User #15258
117,User #15258
118,User #15258
119,User #15258
120,User #15258
121,User #15258
122,User #15258
123,User #15258
124,User #15258
125,User #15258
126,User #15258
127,User #15258
128,User #15258
129,User #15258
130,User #15258
131,User #15258
132,User #15258
133,User #15258
134,User #15258
135,User #15258
136,User #15258
137,User #15258
138,User #15258
139,User #15258
140,User #15258
141,User #15258
142,User #15258
143,User #15258
144,User #15258
145,User #15258
146,User #15258
147,User #15258
148,User #15258
149,User #15258
150,User #15258
151,User #15258
152,User #15258
153,User #15258
154,User #15258
155,User #15258
156,User #15258
157,User #15258
158,User #15258
159,User #15258
160,User #15258
161,User #15258
162,User #15258
163,User #15258
164,User #15258
165,User #15258
166,User #15258
167,User #15373
168,User #15373
169,User #15373
170,User #15373
171,User #15373
172,User #15373
173,User #15373
174,User #15373
175,User #15373
176,User #15373
177,User #15373
178,User #15373
179,User #15373
180,User #15373
181,User #15373
182,User #15373
183,User #15373
184,User #15373
185,User #15373
186,User #15373
187,User #15373
188,User #15373
189,User #15373
190,User #15373
191,User #15373
192,User #15373
193,User #15373
194,User #15373
195,User #15373
196,User #15373
197,User #15373
198,User #15373
199,User #15373
200,User #15373
201,User #15373
202,User #15373
203,User #15373
204,User #15373
205,User #15373
206,User #15373
207,User #15373
208,User #15373
209,User #15373
210,User #15373
211,User #15373
212,User #15373
213,User #15373
214,User #15373
215,User #15373
216,User #15373
217,User #15373
218,User #15405
219,User #15405
220,User #15405
221,User #15405
222,User #15405
223,User #15405
224,User #15405
225,User #15405
226,User #15405
227,User #15405
228,User #15405
229,User #15405
230,User #15405
231,User #15405
232,User #15405
233,User #15405
234,User #15405
235,User #15405
236,User #15405
237,User #15405
238,User #15405
239,User #15405
240,User #15405
241,User #15405
242,User #15405
243,User #15405
244,User #15405
245,User #15405
246,User #15405
247,User #15405
248,User #15405
249,User #15405
250,User #15405
251,User #15405
252,User #15405
253,User #15405
254,User #15405
255,User #15405
256,User #15405
257,User #15405
258,User #15405
259,User #15405
260,User #15405
261,User #15405
262,User #15405
263,User #15405
264,User #15405
265,User #15405
266,User #15405
267,User #15405
268,User #15405
269,User #15405
270,User #15448
271,User #15448
272,User #15448
273,User #15448
274,User #15448
275,User #15448
276,User #15448
277,User #15448
278,User #15448
279,User #15448
280,User #15448
281,User #15448
282,User #15448
283,User #15448
284,User #15448
285,User #15448
286,User #15448
287,User #15448
288,User #15448
289,User #15448
290,User #15448
291,User #15448
292,User #15448
293,User #15448
294,User #15448
295,User #15448
296,User #15448
297,User #15448
298,User #15448
299,User #15448
300,User #15448
301,User #15448
302,User #15448
303,User #15448
304,User #15448
305,User #15448
306,User #15448
307,User #15448
308,User #15448
309,User #15448
310,User #15448
311,User #15448
312,User #15448
313,User #15448
314,User #15448
315,User #15448
316,User #15448
317,User #15448
318,User #15448
319,User #15448
320,User #15448
321,User #17984
322,User #17984
323,User #17984
324,User #17984
325,User #17984
326,User #17984
327,User #17984
328,User #17984
329,User #17984
330,User #17984
331,User #17984
332,User #17984
333,User #17984
334,User #17984
335,User #17984
336,User #17984
337,User #17984
338,User #17984
339,User #17984
340,User #17984
341,User #17984
342,User #17984
343,User #17984
344,User #17984
345,User #17984
346,User #17984
347,User #17984
348,User #17984
349,User #17984
350,User #17984
351,User #17984
352,User #17984
353,User #17984
354,User #17984
355,User #17984
356,User #17984
357,User #17984
358,User #17984
359,User #17984
360,User #17984
361,User #17984
362,User #17984
363,User #17984
364,User #17984
365,User #17984
366,User #17984
367,User #17984
368,User #17984
369,User #17984
370,User #17984
371,User #17984
372,User #17984
373,User #17984
374,User #17984
375,User #17984
376,User #17984
377,User #17984
378,User #17984
379,User #17984
380,User #17984
381,User #18001
382,User #18001
383,User #18001
384,User #18001
385,User #18001
386,User #18001
387,User #18001
388,User #18001
389,User #18001
390,User #18001
391,User #18001
392,User #18001
393,User #18001
394,User #18001
395,User #18001
396,User #18001
397,User #18001
398,User #18001
399,User #18001
400,User #18001
401,User #18001
402,User #18001
403,User #18001
404,User #18001
405,User #18001
406,User #18001
407,User #18001
408,User #18001
409,User #18001
410,User #18001
411,User #18001
412,User #18001
413,User #18001
414,User #18001
415,User #18001
416,User #18001
417,User #18001
418,User #18001
419,User #18001
420,User #18001
421,User #18001
422,User #18001
423,User #18001
424,User #18001
425,User #18001
426,User #18001
427,User #18001
428,User #18001
429,User #18001
430,User #18001
431,User #18001
432,User #18001
433,User #18001
434,User #18001
435,User #18001
436,User #18001
437,User #23745
438,User #23745
439,User #23745
440,User #23745
441,User #23745
442,User #23745
443,User #23745
444,User #23745
445,User #23745
446,User #23745
447,User #23745
448,User #23745
449,User #23745
450,User #23745
451,User #23745
452,User #23745
453,User #23745
454,User #23745
455,User #23745
456,User #23745
457,User #23745
458,User #23745
459,User #23745
460,User #23745
461,User #23745
462,User #23745
463,User #23745
464,User #23745
465,User #23745
466,User #23745
467,User #23745
468,User #23745
469,User #23745
470,User #23745
471,User #23745
472,User #23745
473,User #23745
474,User #23745
475,User #23745
476,User #23745
477,User #23745
478,User #23745
479,User #23745
480,User #23745
481,User #23745
482,User #23745
483,User #23745
484,User #23745
485,User #23745
486,User #23745
487,User #23768
488,User #23768
489,User #23768
490,User #23768
491,User #23768
492,User #23768
493,User #23768
494,User #23768
495,User #23768
496,User #23768
497,User #23768
498,User #23768
499,User #23768
500,User #23768
501,User #23768
502,User #23768
503,User #23768
504,User #23768
505,User #23768
506,User #23768
507,User #23768
508,User #23768
509,User #23768
510,User #23768
511,User #23768
512,User #23768
513,User #23768
514,User #23768
515,User #23768
516,User #23768
517,User #23768
518,User #23768
519,User #23768
520,User #23768
521,User #23768
522,User #23768
523,User #23768
524,User #23768
525,User #23768
526,User #23768
527,User #23768
528,User #23768
529,User #23768
530,User #23768
531,User #23768
532,User #23768
533,User #23768
534,User #23768
535,User #23768
536,User #23768
537,User #23768
538,User #23769
539,User #23769
540,User #23769
541,User #23769
542,User #23769
543,User #23769
544,User #23769
545,User #23769
546,User #23769
547,User #23769
548,User #23769
549,User #23769
550,User #23769
551,User #23769
552,User #23769
553,User #23769
554,User #23769
555,User #23769
556,User #23769
557,User #23769
558,User #23769
559,User #23769
560,User #23769
561,User #23769
562,User #23769
563,User #23769
564,User #23769
565,User #23769
566,User #23769
567,User #23769
568,User #23769
569,User #23769
570,User #23769
571,User #23769
572,User #23769
573,User #23769
574,User #23769
575,User #23769
576,User #23769
577,User #23769
578,User #23769
579,User #23769
580,User #23769
581,User #23769
582,User #23769
583,User #23769
584,User #23769
585,User #23769
586,User #23769
587,User #23769
588,User #23778
589,User #23778
590,User #23778
591,User #23778
592,User #23778
593,User #23778
594,User #23778
595,User #23778
596,User #23778
597,User #23778
598,User #23778
599,User #23778
600,User #23778
601,User #23778
602,User #23778
603,User #23778
604,User #23778
605,User #23778
606,User #23778
607,User #23778
608,User #23778
609,User #23778
610,User #23778
611,User #23778
612,User #23778
613,User #23778
614,User #23778
615,User #23778
616,User #23778
617,User #23778
618,User #23778
619,User #23778
620,User #23778
621,User #23778
622,User #23778
623,User #23778
624,User #23778
625,User #23778
626,User #23778
627,User #23778
628,User #23778
629,User #23778
630,User #23778
631,User #23778
632,User #23778
633,User #23778
634,User #23778
635,User #23778
636,User #23778
637,User #23778
638,User #23778
639,User #23778
640,User #23778
641,User #23778
642,User #23867
643,User #23867
644,User #23867
645,User #23867
646,User #23867
647,User #23867
648,User #23867
649,User #23867
650,User #23867
651,User #23867
652,User #23867
653,User #23867
654,User #23867
655,User #23867
656,User #23867
657,User #23867
658,User #23867
659,User #23867
660,User #23867
661,User #23867
662,User #23867
663,User #23867
664,User #23867
665,User #23867
666,User #23867
667,User #23867
668,User #23867
669,User #23867
670,User #23867
671,User #23867
672,User #23867
673,User #23867
674,User #23867
675,User #23867
676,User #23867
677,User #23867
678,User #23867
679,User #23867
680,User #23867
681,User #23867
682,User #23867
683,User #23867
684,User #23867
685,User #23867
686,User #23867
687,User #23867
688,User #23867
689,User #23867
690,User #23867
691,User #23867
692,User #23867
693,User #23867
694,User #23878
695,User #23878
696,User #23878
697,User #23878
698,User #23878
699,User #23878
700,User #23878
701,User #23878
702,User #23878
703,User #23878
704,User #23878
705,User #23878
706,User #23878
707,User #23878
708,User #23878
709,User #23878
710,User #23878
711,User #23878
712,User #23878
713,User #23878
714,User #23878
715,User #23878
716,User #23878
717,User #23878
718,User #23878
719,User #23878
720,User #23878
721,User #23878
722,User #23878
723,User #23878
724,User #23878
725,User #23878
726,User #23878
727,User #23878
728,User #23878
729,User #23878
730,User #23878
731,User #23878
732,User #23878
733,User #23878
734,User #23878
735,User #23878
736,User #23878
737,User #23878
738,User #23878
739,User #23878
740,User #23878
741,User #23878
742,User #23878
743,User #23878
744,User #23878
745,User #23878
746,User #23878
747,User #23893
748,User #23893
749,User #23893
750,User #23893
751,User #23893
752,User #23893
753,User #23893
754,User #23893
755,User #23893
756,User #23893
757,User #23893
758,User #23893
759,User #23893
760,User #23893
761,User #23893
762,User #23893
763,User #23893
764,User #23893
765,User #23893
766,User #23893
767,User #23893
768,User #23893
769,User #23893
770,User #23893
771,User #23893
772,User #23893
773,User #23893
774,User #23893
775,User #23893
776,User #23893
777,User #23893
778,User #23893
779,User #23893
780,User #23893
781,User #23893
782,User #23893
783,User #23893
784,User #23893
785,User #23893
786,User #23893
787,User #23893
788,User #23893
789,User #23893
790,User #23893
791,User #23893
792,User #23893
793,User #23893
794,User #23893
795,User #23893
796,User #23893
797,User #23893
798,User #23893
799,User #23893
800,User #23893
801,User #23893
802,User #23893
803,User #23914
804,User #23914
805,User #23914
806,User #23914
807,User #23914
808,User #23914
809,User #23914
810,User #23914
811,User #23914
812,User #23914
813,User #23914
814,User #23914
815,User #23914
816,User #23914
817,User #23914
818,User #23914
819,User #23914
820,User #23914
821,User #23914
822,User #23914
823,User #23914
824,User #23914
825,User #23914
826,User #23914
827,User #23914
828,User #23914
829,User #23914
830,User #23914
831,User #23914
832,User #23914
833,User #23914
834,User #23914
835,User #23914
836,User #23914
837,User #23914
838,User #23914
839,User #23914
840,User #23914
841,User #23914
842,User #23914
843,User #23914
844,User #23914
845,User #23914
846,User #23914
847,User #23914
848,User #23914
849,User #23914
850,User #23914
851,User #23914
852,User #23914
853,User #23914
854,User #23914
855,User #23914
856,User #23921
857,User #23921
858,User #23921
859,User #23921
860,User #23921
861,User #23921
862,User #23921
863,User #23921
864,User #23921
865,User #23921
866,User #23921
867,User #23921
868,User #23921
869,User #23921
870,User #23921
871,User #23921
872,User #23921
873,User #23921
874,User #23921
875,User #23921
876,User #23921
877,User #23921
878,User #23921
879,User #23921
880,User #23921
881,User #23921
882,User #23921
883,User #23921
884,User #23921
885,User #23921
886,User #23921
887,User #23921
888,User #23921
889,User #23921
890,User #23921
891,User #23921
892,User #23921
893,User #23921
894,User #23921
895,User #23921
896,User #23921
897,User #23921
898,User #23921
899,User #23921
900,User #23921
901,User #23921
902,User #23921
903,User #23921
904,User #23921
905,User #23921
906,User #23921
907,User #23921
908,User #23921
909,User #23924
910,User #23924
911,User #23924
912,User #23924
913,User #23924
914,User #23924
915,User #23924
916,User #23924
917,User #23924
918,User #23924
919,User #23924
920,User #23924
921,User #23924
922,User #23924
923,User #23924
924,User #23924
925,User #23924
926,User #23924
927,User #23924
928,User #23924
929,User #23924
930,User #23924
931,User #23924
932,User #23924
933,User #23924
934,User #23924
935,User #23924
936,User #23924
937,User #23924
938,User #23924
939,User #23924
940,User #23924
941,User #23924
942,User #23924
943,User #23924
944,User #23924
945,User #23924
946,User #23924
947,User #23924
948,User #23924
949,User #23924
950,User #23924
951,User #23924
952,User #23924
953,User #23924
954,User #23924
955,User #23924
956,User #23924
957,User #23924
958,User #23924
959,User #23924
960,User #23953
961,User #23953
962,User #23953
963,User #23953
964,User #23953
965,User #23953
966,User #23953
967,User #23953
968,User #23953
969,User #23953
970,User #23953
971,User #23953
972,User #23953
973,User #23953
974,User #23953
975,User #23953
976,User #23953
977,User #23953
978,User #23953
979,User #23953
980,User #23953
981,User #23953
982,User #23953
983,User #23953
984,User #23953
985,User #23953
986,User #23953
987,User #23953
988,User #23953
989,User #23953
990,User #23953
991,User #23953
992,User #23953
993,User #23953
994,User #23953
995,User #23953
996,User #23953
997,User #23953
998,User #23953
999,User #23953
1000,User #23953
1001,User #23953
1002,User #23953
1003,User #23953
1004,User #23953
1005,User #23953
1006,User #23953
1007,User #23953
1008,User #23953
1009,User #23953
1010,User #23953
1011,User #23961
1012,User #23961
1013,User #23961
1014,User #23961
1015,User #23961
1016,User #23961
1017,User #23961
1018,User #23961
1019,User #23961
1020,User #23961
1021,User #23961
1022,User #23961
1023,User #23961
1024,User #23961
1025,User #23961
1026,User #23961
1027,User #23961
1028,User #23961
1029,User #23961
1030,User #23961
1031,User #23961
1032,User #23961
1033,User #23961
1034,User #23961
1035,User #23961
1036,User #23961
1037,User #23961
1038,User #23961
1039,User #23961
1040,User #23961
1041,User #23961
1042,User #23961
1043,User #23961
1044,User #23961
1045,User #23961
1046,User #23961
1047,User #23961
1048,User #23961
1049,User #23961
1050,User #23961
1051,User #23961
1052,User #23961
1053,User #23961
1054,User #23961
1055,User #23961
1056,User #23961
1057,User #23961
1058,User #23961
1059,User #23961
1060,User #23961
1061,User #23961
1062,User #23961
1063,User #23982
1064,User #23982
1065,User #23982
1066,User #23982
1067,User #23982
1068,User #23982
1069,User #23982
1070,User #23982
1071,User #23982
1072,User #23982
1073,User #23982
1074,User #23982
1075,User #23982
1076,User #23982
1077,User #23982
1078,User #23982
1079,User #23982
1080,User #23982
1081,User #23982
1082,User #23982
1083,User #23982
1084,User #23982
1085,User #23982
1086,User #23982
1087,User #23982
1088,User #23982
1089,User #23982
1090,User #23982
1091,User #23982
1092,User #23982
1093,User #23982
1094,User #23982
1095,User #23982
1096,User #23982
1097,User #23982
1098,User #23982
1099,User #23982
1100,User #23982
1101,User #23982
1102,User #23982
1103,User #23982
1104,User #23982
1105,User #23982
1106,User #23982
1107,User #23982
1108,User #23982
1109,User #23982
1110,User #23982
1111,User #23982
1112,User #23982
1113,User #23982
1114,User #23982
1115,User #23982
1116,User #23982
1117,User #23982
1118,User #23982
1119,User #23983
1120,User #23983
1121,User #23983
1122,User #23983
1123,User #23983
1124,User #23983
1125,User #23983
1126,User #23983
1127,User #23983
1128,User #23983
1129,User #23983
1130,User #23983
1131,User #23983
1132,User #23983
1133,User #23983
1134,User #23983
1135,User #23983
1136,User #23983
1137,User #23983
1138,User #23983
1139,User #23983
1140,User #23983
1141,User #23983
1142,User #23983
1143,User #23983
1144,User #23983
1145,User #23983
1146,User #23983
1147,User #23983
1148,User #23983
1149,User #23983
1150,User #23983
1151,User #23983
1152,User #23983
1153,User #23983
1154,User #23983
1155,User #23983
1156,User #23983
1157,User #23983
1158,User #23983
1159,User #23983
1160,User #23983
1161,User #23983
1162,User #23983
1163,User #23983
1164,User #23983
1165,User #23983
1166,User #23983
1167,User #23983
1168,User #23983
1169,User #23983
1170,User #23983
1171,User #23983
1172,User #23985
1173,User #23985
1174,User #23985
1175,User #23985
1176,User #23985
1177,User #23985
1178,User #23985
1179,User #23985
1180,User #23985
1181,User #23985
1182,User #23985
1183,User #23985
1184,User #23985
1185,User #23985
1186,User #23985
1187,User #23985
1188,User #23985
1189,User #23985
1190,User #23985
1191,User #23985
1192,User #23985
1193,User #23985
1194,User #23985
1195,User #23985
1196,User #23985
1197,User #23985
1198,User #23985
1199,User #23985
1200,User #23985
1201,User #23985
1202,User #23985
1203,User #23985
1204,User #23985
1205,User #23985
1206,User #23985
1207,User #23985
1208,User #23985
1209,User #23985
1210,User #23985
1211,User #23985
1212,User #23985
1213,User #23985
1214,User #23985
1215,User #23985
1216,User #23985
1217,User #23985
1218,User #23985
1219,User #23985
1220,User #23985
1221,User #23985
1222,User #23985
1223,User #23985
1224,User #23985
1225,User #23995
1226,User #23995
1227,User #23995
1228,User #23995
1229,User #23995
1230,User #23995
1231,User #23995
1232,User #23995
1233,User #23995
1234,User #23995
1235,User #23995
1236,User #23995
1237,User #23995
1238,User #23995
1239,User #23995
1240,User #23995
1241,User #23995
1242,User #23995
1243,User #23995
1244,User #23995
1245,User #23995
1246,User #23995
1247,User #23995
1248,User #23995
1249,User #23995
1250,User #23995
1251,User #23995
1252,User #23995
1253,User #23995
1254,User #23995
1255,User #23995
1256,User #23995
1257,User #23995
1258,User #23995
1259,User #23995
1260,User #23995
1261,User #23995
1262,User #23995
1263,User #23995
1264,User #23995
1265,User #23995
1266,User #23995
1267,User #23995
1268,User #23995
1269,User #23995
1270,User #23995
1271,User #23995
1272,User #23995
1273,User #23995
1274,User #23995
1275,User #23995
1276,User #23995
1277,User #23995
1278,User #23995
1279,User #23995
1280,User #24007
1281,User #24007
1282,User #24007
1283,User #24007
1284,User #24007
1285,User #24007
1286,User #24007
1287,User #24007
1288,User #24007
1289,User #24007
1290,User #24007
1291,User #24007
1292,User #24007
1293,User #24007
1294,User #24007
1295,User #24007
1296,User #24007
1297,User #24007
1298,User #24007
1299,User #24007
1300,User #24007
1301,User #24007
1302,User #24007
1303,User #24007
1304,User #24007
1305,User #24007
1306,User #24007
1307,User #24007
1308,User #24007
1309,User #24007
1310,User #24007
1311,User #24007
1312,User #24007
1313,User #24007
1314,User #24007
1315,User #24007
1316,User #24007
1317,User #24007
1318,User #24007
1319,User #24007
1320,User #24007
1321,User #24007
1322,User #24007
1323,User #24007
1324,User #24007
1325,User #24007
1326,User #24007
1327,User #24007
1328,User #24007
1329,User #24007
1330,User #24007
1331,User #24007
1332,User #24007
1333,User #24007
1334,User #24007
1335,User #24040
1336,User #24040
1337,User #24040
1338,User #24040
1339,User #24040
1340,User #24040
1341,User #24040
1342,User #24040
1343,User #24040
1344,User #24040
1345,User #24040
1346,User #24040
1347,User #24040
1348,User #24040
1349,User #24040
1350,User #24040
1351,User #24040
1352,User #24040
1353,User #24040
1354,User #24040
1355,User #24040
1356,User #24040
1357,User #24040
1358,User #24040
1359,User #24040
1360,User #24040
1361,User #24040
1362,User #24040
1363,User #24040
1364,User #24040
1365,User #24040
1366,User #24040
1367,User #24040
1368,User #24040
1369,User #24040
1370,User #24040
1371,User #24040
1372,User #24040
1373,User #24040
1374,User #24040
1375,User #24040
1376,User #24040
1377,User #24040
1378,User #24040
1379,User #24040
1380,User #24040
1381,User #24040
1382,User #24040
1383,User #24040
1384,User #24040
1385,User #24040
1386,User #24040
1387,User #24040
1388,User #24040
1389,User #24040
1390,User #24040
1391,User #24040
1392,User #24041
1393,User #24041
1394,User #24041
1395,User #24041
1396,User #24041
1397,User #24041
1398,User #24041
1399,User #24041
1400,User #24041
1401,User #24041
1402,User #24041
1403,User #24041
1404,User #24041
1405,User #24041
1406,User #24041
1407,User #24041
1408,User #24041
1409,User #24041
1410,User #24041
1411,User #24041
1412,User #24041
1413,User #24041
1414,User #24041
1415,User #24041
1416,User #24041
1417,User #24041
1418,User #24041
1419,User #24041
1420,User #24041
1421,User #24041
1422,User #24041
1423,User #24041
1424,User #24041
1425,User #24041
1426,User #24041
1427,User #24041
1428,User #24041
1429,User #24041
1430,User #24041
1431,User #24041
1432,User #24041
1433,User #24041
1434,User #24041
1435,User #24041
1436,User #24041
1437,User #24041
1438,User #24041
1439,User #24041
1440,User #24041
1441,User #24041
1442,User #24041
1443,User #24071
1444,User #24071
1445,User #24071
1446,User #24071
1447,User #24071
1448,User #24071
1449,User #24071
1450,User #24071
1451,User #24071
1452,User #24071
1453,User #24071
1454,User #24071
1455,User #24071
1456,User #24071
1457,User #24071
1458,User #24071
1459,User #24071
1460,User #24071
1461,User #24071
1462,User #24071
1463,User #24071
1464,User #24071
1465,User #24071
1466,User #24071
1467,User #24071
1468,User #24071
1469,User #24071
1470,User #24071
1471,User #24071
1472,User #24071
1473,User #24071
1474,User #24071
1475,User #24071
1476,User #24071
1477,User #24071
1478,User #24071
1479,User #24071
1480,User #24071
1481,User #24071
1482,User #24071
1483,User #24071
1484,User #24071
1485,User #24071
1486,User #24071
1487,User #24071
1488,User #24071
1489,User #24071
1490,User #24071
1491,User #24071
1492,User #24071
1493,User #24071
1494,User #24071
1495,User #24071
1496,User #24071
1497,User #24071
1498,User #24071
1499,User #24071
1500,User #24071
1501,User #24127
1502,User #24127
1503,User #24127
1504,User #24127
1505,User #24127
1506,User #24127
1507,User #24127
1508,User #24127
1509,User #24127
1510,User #24127
1511,User #24127
1512,User #24127
1513,User #24127
1514,User #24127
1515,User #24127
1516,User #24127
1517,User #24127
1518,User #24127
1519,User #24127
1520,User #24127
1521,User #24127
1522,User #24127
1523,User #24127
1524,User #24127
1525,User #24127
1526,User #24127
1527,User #24127
1528,User #24127
1529,User #24127
1530,User #24127
1531,User #24127
1532,User #24127
1533,User #24127
1534,User #24127
1535,User #24127
1536,User #24127
1537,User #24127
1538,User #24127
1539,User #24127
1540,User #24127
1541,User #24127
1542,User #24127
1543,User #24127
1544,User #24127
1545,User #24127
1546,User #24127
1547,User #24127
1548,User #24127
1549,User #24127
1550,User #24127
1551,User #24127
1552,User #24127
1553,User #24127
1554,User #24127
1555,User #24127
1556,User #24127
1557,User #24192
1558,User #24192
1559,User #24192
1560,User #24192
1561,User #24192
1562,User #24192
1563,User #24192
1564,User #24192
1565,User #24192
1566,User #24192
1567,User #24192
1568,User #24192
1569,User #24192
1570,User #24192
1571,User #24192
1572,User #24192
1573,User #24192
1574,User #24192
1575,User #24192
1576,User #24192
1577,User #24192
1578,User #24192
1579,User #24192
1580,User #24192
1581,User #24192
1582,User #24192
1583,User #24192
1584,User #24192
1585,User #24192
1586,User #24192
1587,User #24192
1588,User #24192
1589,User #24192
1590,User #24192
1591,User #24192
1592,User #24192
1593,User #24192
1594,User #24192
1595,User #24192
1596,User #24192
1597,User #24192
1598,User #24192
1599,User #24192
1600,User #24192
1601,User #24192
1602,User #24192
1603,User #24192
1604,User #24192
1605,User #24192
1606,User #24192
1607,User #24192
1608,User #24192
1609,User #24192
1610,User #24192
1611,User #24213
1612,User #24213
1613,User #24213
1614,User #24213
1615,User #24213
1616,User #24213
1617,User #24213
1618,User #24213
1619,User #24213
1620,User #24213
1621,User #24213
1622,User #24213
1623,User #24213
1624,User #24213
1625,User #24213
1626,User #24213
1627,User #24213
1628,User #24213
1629,User #24213
1630,User #24213
1631,User #24213
1632,User #24213
1633,User #24213
1634,User #24213
1635,User #24213
1636,User #24213
1637,User #24213
1638,User #24213
1639,User #24213
1640,User #24213
1641,User #24213
1642,User #24213
1643,User #24213
1644,User #24213
1645,User #24213
1646,User #24213
1647,User #24213
1648,User #24213
1649,User #24213
1650,User #24213
1651,User #24213
1652,User #24213
1653,User #24213
1654,User #24213
1655,User #24213
1656,User #24213
1657,User #24213
1658,User #24213
1659,User #24213
1660,User #24213
1661,User #24213
1662,User #24213
1663,User #24213
1664,User #24213
1665,User #24213
1666,User #24213
1667,User #24213
1668,User #24223
1669,User #24223
1670,User #24223
1671,User #24223
1672,User #24223
1673,User #24223
1674,User #24223
1675,User #24223
1676,User #24223
1677,User #24223
1678,User #24223
1679,User #24223
1680,User #24223
1681,User #24223
1682,User #24223
1683,User #24223
1684,User #24223
1685,User #24223
1686,User #24223
1687,User #24223
1688,User #24223
1689,User #24223
1690,User #24223
1691,User #24223
1692,User #24223
1693,User #24223
1694,User #24223
1695,User #24223
1696,User #24223
1697,User #24223
1698,User #24223
1699,User #24223
1700,User #24223
1701,User #24223
1702,User #24223
1703,User #24223
1704,User #24223
1705,User #24223
1706,User #24223
1707,User #24223
1708,User #24223
1709,User #24223
1710,User #24223
1711,User #24223
1712,User #24223
1713,User #24223
1714,User #24223
1715,User #24223
1716,User #24223
1717,User #24223
1718,User #24223
1719,User #24223
1720,User #24223
1721,User #24223
1722,User #24223
1723,User #24223
1724,User #24223
1725,User #24224
1726,User #24224
1727,User #24224
1728,User #24224
1729,User #24224
1730,User #24224
1731,User #24224
1732,User #24224
1733,User #24224
1734,User #24224
1735,User #24224
1736,User #24224
1737,User #24224
1738,User #24224
1739,User #24224
1740,User #24224
1741,User #24224
1742,User #24224
1743,User #24224
1744,User #24224
1745,User #24224
1746,User #24224
1747,User #24224
1748,User #24224
1749,User #24224
1750,User #24224
1751,User #24224
1752,User #24224
1753,User #24224
1754,User #24224
1755,User #24224
1756,User #24224
1757,User #24224
1758,User #24224
1759,User #24224
1760,User #24224
1761,User #24224
1762,User #24224
1763,User #24224
1764,User #24224
1765,User #24224
1766,User #24224
1767,User #24224
1768,User #24224
1769,User #24224
1770,User #24224
1771,User #24224
1772,User #24224
1773,User #24224
1774,User #24224
1775,User #24224
1776,User #24232
1777,User #24232
1778,User #24232
1779,User #24232
1780,User #24232
1781,User #24232
1782,User #24232
1783,User #24232
1784,User #24232
1785,User #24232
1786,User #24232
1787,User #24232
1788,User #24232
1789,User #24232
1790,User #24232
1791,User #24232
1792,User #24232
1793,User #24232
1794,User #24232
1795,User #24232
1796,User #24232
1797,User #24232
1798,User #24232
1799,User #24232
1800,User #24232
1801,User #24232
1802,User #24232
1803,User #24232
1804,User #24232
1805,User #24232
1806,User #24232
1807,User #24232
1808,User #24232
1809,User #24232
1810,User #24232
1811,User #24232
1812,User #24232
1813,User #24232
1814,User #24232
1815,User #24232
1816,User #24232
1817,User #24232
1818,User #24232
1819,User #24232
1820,User #24232
1821,User #24232
1822,User #24232
1823,User #24232
1824,User #24232
1825,User #24232
1826,User #24232
1827,User #24232
1828,User #24232
1829,User #24232
1830,User #24232
1831,User #25163
1832,User #25163
1833,User #25163
1834,User #25163
1835,User #25163
1836,User #25163
1837,User #25163
1838,User #25163
1839,User #25163
1840,User #25163
1841,User #25163
1842,User #25163
1843,User #25163
1844,User #25163
1845,User #25163
1846,User #25163
1847,User #25163
1848,User #25163
1849,User #25163
1850,User #25163
1851,User #25163
1852,User #25163
1853,User #25163
1854,User #25163
1855,User #25163
1856,User #25163
1857,User #25163
1858,User #25163
1859,User #25163
1860,User #25163
1861,User #25163
1862,User #25163
1863,User #25163
1864,User #25163
1865,User #25163
1866,User #25163
1867,User #25163
1868,User #25163
1869,User #25163
1870,User #25163
1871,User #25163
1872,User #25163
1873,User #25163
1874,User #25163
1875,User #25163
1876,User #25163
1877,User #25163
1878,User #25163
1879,User #25163
1880,User #25163
1881,User #25163
1882,User #25171
1883,User #25171
1884,User #25171
1885,User #25171
1886,User #25171
1887,User #25171
1888,User #25171
1889,User #25171
1890,User #25171
1891,User #25171
1892,User #25171
1893,User #25171
1894,User #25171
1895,User #25171
1896,User #25171
1897,User #25171
1898,User #25171
1899,User #25171
1900,User #25171
1901,User #25171
1902,User #25171
1903,User #25171
1904,User #25171
1905,User #25171
1906,User #25171
1907,User #25171
1908,User #25171
1909,User #25171
1910,User #25171
1911,User #25171
1912,User #25171
1913,User #25171
1914,User #25171
1915,User #25171
1916,User #25171
1917,User #25171
1918,User #25171
1919,User #25171
1920,User #25171
1921,User #25171
1922,User #25171
1923,User #25171
1924,User #25171
1925,User #25171
1926,User #25171
1927,User #25171
1928,User #25171
1929,User #25171
1930,User #25171
1931,User #25171
1932,User #25189
1933,User #25189
1934,User #25189
1935,User #25189
1936,User #25189
1937,User #25189
1938,User #25189
1939,User #25189
1940,User #25189
1941,User #25189
1942,User #25189
1943,User #25189
1944,User #25189
1945,User #25189
1946,User #25189
1947,User #25189
1948,User #25189
1949,User #25189
1950,User #25189
1951,User #25189
1952,User #25189
1953,User #25189
1954,User #25189
1955,User #25189
1956,User #25189
1957,User #25189
1958,User #25189
1959,User #25189
1960,User #25189
1961,User #25189
1962,User #25189
1963,User #25189
1964,User #25189
1965,User #25189
1966,User #25189
1967,User #25189
1968,User #25189
1969,User #25189
1970,User #25189
1971,User #25189
1972,User #25189
1973,User #25189
1974,User #25189
1975,User #25189
1976,User #25189
1977,User #25189
1978,User #25189
1979,User #25189
1980,User #25189
1981,User #25189
1982,User #25189
1983,User #25189
1984,User #25189
1985,User #25189
1986,User #25201
1987,User #25201
1988,User #25201
1989,User #25201
1990,User #25201
1991,User #25201
1992,User #25201
1993,User #25201
1994,User #25201
1995,User #25201
1996,User #25201
1997,User #25201
1998,User #25201
1999,User #25201
2000,User #25201
2001,User #25201
2002,User #25201
2003,User #25201
2004,User #25201
2005,User #25201
2006,User #25201
2007,User #25201
2008,User #25201
2009,User #25201
2010,User #25201
2011,User #25201
2012,User #25201
2013,User #25201
2014,User #25201
2015,User #25201
2016,User #25201
2017,User #25201
2018,User #25201
2019,User #25201
2020,User #25201
2021,User #25201
2022,User #25201
2023,User #25201
2024,User #25201
2025,User #25201
2026,User #25201
2027,User #25201
2028,User #25201
2029,User #25201
2030,User #25201
2031,User #25201
2032,User #25201
2033,User #25201
2034,User #25201
2035,User #25201
2036,User #25201
2037,User #25201
2038,User #25201
2039,User #25235
2040,User #25235
2041,User #25235
2042,User #25235
2043,User #25235
2044,User #25235
2045,User #25235
2046,User #25235
2047,User #25235
2048,User #25235
2049,User #25235
2050,User #25235
2051,User #25235
2052,User #25235
2053,User #25235
2054,User #25235
2055,User #25235
2056,User #25235
2057,User #25235
2058,User #25235
2059,User #25235
2060,User #25235
2061,User #25235
2062,User #25235
2063,User #25235
2064,User #25235
2065,User #25235
2066,User #25235
2067,User #25235
2068,User #25235
2069,User #25235
2070,User #25235
2071,User #25235
2072,User #25235
2073,User #25235
2074,User #25235
2075,User #25235
2076,User #25235
2077,User #25235
2078,User #25235
2079,User #25235
2080,User #25235
2081,User #25235
2082,User #25235
2083,User #25235
2084,User #25235
2085,User #25235
2086,User #25235
2087,User #25235
2088,User #25235
2089,User #25235
2090,User #25235
2091,User #25235
2092,User #25235
2093,User #25235
2094,User #25235
2095,User #25235
